{"inputs": {"input0": [224, 224, 3]}, "outputs": {"output0": [1, 1, 2]}, "loss": [[1, 0.72694], [2, 0.48602], [3, 0.27139], [4, 0.15339], [5, 0.09283], [6, 0.05016], [7, 0.05263], [8, 0.03349], [9, 0.02735], [10, 0.01785], [11, 0.01861], [12, 0.01334], [13, 0.01876], [14, 0.01604], [15, 0.01017], [16, 0.00829], [17, 0.0106], [18, 0.00742], [19, 0.00903], [20, 0.01077], [21, 0.00971], [22, 0.0071], [23, 0.00835], [24, 0.00687], [25, 0.00772], [26, 0.00571], [27, 0.00725], [28, 0.00775], [29, 0.00679], [30, 0.00756], [31, 0.00688], [32, 0.00831], [33, 0.00559], [34, 0.00608], [35, 0.00594], [36, 0.01147], [37, 0.00644], [38, 0.00672], [39, 0.00435], [40, 0.00551], [41, 0.00457], [42, 0.00455], [43, 0.0045], [44, 0.00452], [45, 0.00402], [46, 0.0046], [47, 0.00652], [48, 0.0044], [49, 0.01126], [50, 0.00336], [51, 0.00406], [52, 0.00339], [53, 0.00567], [54, 0.00473], [55, 0.00344], [56, 0.00797], [57, 0.0043], [58, 0.0041], [59, 0.00445], [60, 0.00748], [61, 0.01871], [62, 0.00529], [63, 0.00737], [64, 0.00913], [65, 0.00436], [66, 0.00508], [67, 0.00706], [68, 0.0031], [69, 0.00731], [70, 0.01367], [71, 0.00678], [72, 0.005], [73, 0.00421], [74, 0.00325], [75, 0.00326], [76, 0.00382], [77, 0.00366], [78, 0.00277], [79, 0.00305], [80, 0.00341], [81, 0.00355], [82, 0.00648], [83, 0.00647], [84, 0.00326], [85, 0.00495], [86, 0.00568], [87, 0.00526], [88, 0.00266], [89, 0.00351], [90, 0.00546], [91, 0.00276], [92, 0.00566], [93, 0.00586], [94, 0.00705], [95, 0.00348], [96, 0.00526], [97, 0.01245], [98, 0.00311], [99, 0.0054], [100, 0.00242]], "acc": [[1, 0.55469], [2, 0.78906], [3, 0.97656], [4, 1.0], [5, 1.0], [6, 1.0], [7, 1.0], [8, 1.0], [9, 1.0], [10, 1.0], [11, 1.0], [12, 1.0], [13, 1.0], [14, 1.0], [15, 1.0], [16, 1.0], [17, 1.0], [18, 1.0], [19, 1.0], [20, 1.0], [21, 1.0], [22, 1.0], [23, 1.0], [24, 1.0], [25, 1.0], [26, 1.0], [27, 1.0], [28, 1.0], [29, 1.0], [30, 1.0], [31, 1.0], [32, 1.0], [33, 1.0], [34, 1.0], [35, 1.0], [36, 1.0], [37, 1.0], [38, 1.0], [39, 1.0], [40, 1.0], [41, 1.0], [42, 1.0], [43, 1.0], [44, 1.0], [45, 1.0], [46, 1.0], [47, 1.0], [48, 1.0], [49, 1.0], [50, 1.0], [51, 1.0], [52, 1.0], [53, 1.0], [54, 1.0], [55, 1.0], [56, 1.0], [57, 1.0], [58, 1.0], [59, 1.0], [60, 1.0], [61, 1.0], [62, 1.0], [63, 1.0], [64, 1.0], [65, 1.0], [66, 1.0], [67, 1.0], [68, 1.0], [69, 1.0], [70, 1.0], [71, 1.0], [72, 1.0], [73, 1.0], [74, 1.0], [75, 1.0], [76, 1.0], [77, 1.0], [78, 1.0], [79, 1.0], [80, 1.0], [81, 1.0], [82, 1.0], [83, 1.0], [84, 1.0], [85, 1.0], [86, 1.0], [87, 1.0], [88, 1.0], [89, 1.0], [90, 1.0], [91, 1.0], [92, 1.0], [93, 1.0], [94, 1.0], [95, 1.0], [96, 1.0], [97, 1.0], [98, 1.0], [99, 1.0], [100, 1.0]], "lr": [[1, 0.001], [2, 0.00098], [3, 0.00095], [4, 0.00093], [5, 0.00091], [6, 0.00089], [7, 0.00087], [8, 0.00085], [9, 0.00083], [10, 0.00081], [11, 0.00079], [12, 0.00078], [13, 0.00076], [14, 0.00074], [15, 0.00072], [16, 0.00071], [17, 0.00069], [18, 0.00068], [19, 0.00066], [20, 0.00065], [21, 0.00063], [22, 0.00062], [23, 0.0006], [24, 0.00059], [25, 0.00058], [26, 0.00056], [27, 0.00055], [28, 0.00054], [29, 0.00052], [30, 0.00051], [31, 0.0005], [32, 0.00049], [33, 0.00048], [34, 0.00047], [35, 0.00046], [36, 0.00045], [37, 0.00044], [38, 0.00043], [39, 0.00042], [40, 0.00041], [41, 0.0004], [42, 0.00039], [43, 0.00038], [44, 0.00037], [45, 0.00036], [46, 0.00035], [47, 0.00035], [48, 0.00034], [49, 0.00033], [50, 0.00032], [51, 0.00032], [52, 0.00031], [53, 0.0003], [54, 0.0003], [55, 0.00029], [56, 0.00028], [57, 0.00028], [58, 0.00027], [59, 0.00026], [60, 0.00026], [61, 0.00025], [62, 0.00025], [63, 0.00024], [64, 0.00023], [65, 0.00023], [66, 0.00022], [67, 0.00022], [68, 0.00021], [69, 0.00021], [70, 0.0002], [71, 0.0002], [72, 0.00019], [73, 0.00019], [74, 0.00019], [75, 0.00018], [76, 0.00018], [77, 0.00017], [78, 0.00017], [79, 0.00017], [80, 0.00016], [81, 0.00016], [82, 0.00015], [83, 0.00015], [84, 0.00015], [85, 0.00014], [86, 0.00014], [87, 0.00014], [88, 0.00013], [89, 0.00013], [90, 0.00013], [91, 0.00013], [92, 0.00012], [93, 0.00012], [94, 0.00012], [95, 0.00011], [96, 0.00011], [97, 0.00011], [98, 0.00011], [99, 0.0001], [100, 0.0001]], "val_loss": [[10, 0.09087], [20, 0.07039], [30, 0.06563], [40, 0.0568], [50, 0.05512], [60, 0.05298], [70, 0.04809], [80, 0.04711], [90, 0.04515], [100, 0.0473]], "val_acc": [[10, 1.0], [20, 1.0], [30, 1.0], [40, 1.0], [50, 1.0], [60, 1.0], [70, 1.0], [80, 1.0], [90, 1.0], [100, 1.0]], "mean": 123.5, "std": 58.395, "label_type": "classification", "data_type": "image", "labels": ["Left", "Zebra"], "best_eval": {"epoch": 99, "val_acc": 1.0, "val_info": [{"name": "539c4d533aab4e3c810ee48693bee62a.jpg", "nickname": "92.jpg", "pred": 1, "gt": 1, "ok": true}, {"name": "67f7ced02d274734bf8724b3104de8b3.jpg", "nickname": "50.jpg", "pred": 0, "gt": 0, "ok": true}, {"name": "daaad0e4fe3c45048636715c62dc0f57.jpg", "nickname": "393.jpg", "pred": 1, "gt": 1, "ok": true}, {"name": "453912b8dc714d02847995cf0c590ad6.jpg", "nickname": "89.jpg", "pred": 1, "gt": 1, "ok": true}, {"name": "f187ad22d6ce4f00ad56f489c80a0e8f.jpg", "nickname": "52.jpg", "pred": 0, "gt": 0, "ok": true}, {"name": "4deb870cdc904f4296c5b53338606705.jpg", "nickname": "IMG_20220721_160901.jpg", "pred": 0, "gt": 0, "ok": true}, {"name": "0a16dfc9ed424f31b4a09fc0f394e3a6.jpg", "nickname": "IMG_20220721_160855.jpg", "pred": 0, "gt": 0, "ok": true}, {"name": "2f983c2bbc054eea8226eb896db95f34.jpg", "nickname": "375.jpg", "pred": 1, "gt": 1, "ok": true}, {"name": "6019e9765d934762a0c5bed2d96254db.jpg", "nickname": "240.jpg", "pred": 1, "gt": 1, "ok": true}, {"name": "dbc547bcca474c2084406d7c5c8a648f.jpg", "nickname": "270.jpg", "pred": 1, "gt": 1, "ok": true}, {"name": "5d3eb879e328457d9bd44efeb1db9247.jpg", "nickname": "44.jpg", "pred": 0, "gt": 0, "ok": true}, {"name": "ed6ef5a9e4564589bfc49875d05ab22f.jpg", "nickname": "250.jpg", "pred": 1, "gt": 1, "ok": true}, {"name": "a1f8ae89aa9e4bc4ac992398c6c237e1.jpg", "nickname": "60.jpg", "pred": 0, "gt": 0, "ok": true}, {"name": "9afd0c9f585d4d7fbfabb768289f8cee.jpg", "nickname": "129.jpg", "pred": 0, "gt": 0, "ok": true}, {"name": "80f736d7e6df475b97046196745f6670.jpg", "nickname": "56.jpg", "pred": 1, "gt": 1, "ok": true}, {"name": "ad1d623adfb644ada861bc0f2ad82b0e.jpg", "nickname": "IMG_20220721_160945.jpg", "pred": 0, "gt": 0, "ok": true}]}}