{"inputs": {"input0": [224, 224, 3]}, "outputs": {"output0": [1, 1, 2]}, "loss": [[1, 0.52358], [2, 0.17769], [3, 0.0787], [4, 0.06054], [5, 0.02383], [6, 0.01849], [7, 0.01513], [8, 0.02375], [9, 0.01099], [10, 0.02108], [11, 0.00882], [12, 0.00878], [13, 0.01051], [14, 0.00969], [15, 0.01102], [16, 0.0074], [17, 0.01519], [18, 0.00978], [19, 0.00776], [20, 0.00558], [21, 0.00642], [22, 0.00617], [23, 0.00737], [24, 0.00571], [25, 0.00709], [26, 0.00854], [27, 0.0108], [28, 0.01305], [29, 0.0076], [30, 0.00977], [31, 0.00276], [32, 0.00726], [33, 0.00572], [34, 0.00328], [35, 0.00517], [36, 0.00332], [37, 0.00538], [38, 0.00308], [39, 0.00239], [40, 0.00254], [41, 0.00362], [42, 0.00312], [43, 0.00236], [44, 0.00341], [45, 0.01077], [46, 0.00353], [47, 0.00318], [48, 0.0024], [49, 0.00292], [50, 0.00399], [51, 0.00522], [52, 0.00404], [53, 0.00646], [54, 0.00299], [55, 0.00385], [56, 0.00273], [57, 0.00527], [58, 0.00301], [59, 0.00499], [60, 0.00226], [61, 0.00473], [62, 0.00331], [63, 0.00513], [64, 0.00402], [65, 0.00287], [66, 0.00261], [67, 0.00308], [68, 0.00348], [69, 0.00196], [70, 0.00781], [71, 0.00345], [72, 0.00391], [73, 0.00267], [74, 0.02968], [75, 0.0056], [76, 0.00304], [77, 0.00157], [78, 0.0056], [79, 0.00634], [80, 0.00222], [81, 0.00382], [82, 0.0027], [83, 0.00258], [84, 0.0042], [85, 0.00207], [86, 0.0046], [87, 0.00387], [88, 0.00563], [89, 0.00261], [90, 0.00595], [91, 0.00145], [92, 0.00144], [93, 0.00566], [94, 0.00159], [95, 0.00157], [96, 0.00342], [97, 0.00422], [98, 0.00397], [99, 0.00299], [100, 0.00153]], "acc": [[1, 0.75], [2, 0.96835], [3, 0.99367], [4, 0.99367], [5, 1.0], [6, 1.0], [7, 1.0], [8, 1.0], [9, 1.0], [10, 0.99367], [11, 1.0], [12, 1.0], [13, 1.0], [14, 1.0], [15, 0.99684], [16, 1.0], [17, 0.99684], [18, 1.0], [19, 1.0], [20, 1.0], [21, 1.0], [22, 1.0], [23, 1.0], [24, 1.0], [25, 0.99684], [26, 1.0], [27, 1.0], [28, 0.99684], [29, 0.99684], [30, 1.0], [31, 1.0], [32, 1.0], [33, 1.0], [34, 1.0], [35, 1.0], [36, 1.0], [37, 1.0], [38, 1.0], [39, 1.0], [40, 1.0], [41, 1.0], [42, 1.0], [43, 1.0], [44, 1.0], [45, 0.99684], [46, 1.0], [47, 1.0], [48, 1.0], [49, 1.0], [50, 1.0], [51, 1.0], [52, 1.0], [53, 0.99684], [54, 1.0], [55, 1.0], [56, 1.0], [57, 1.0], [58, 1.0], [59, 1.0], [60, 1.0], [61, 1.0], [62, 1.0], [63, 1.0], [64, 1.0], [65, 1.0], [66, 1.0], [67, 1.0], [68, 1.0], [69, 1.0], [70, 1.0], [71, 1.0], [72, 1.0], [73, 1.0], [74, 0.98734], [75, 1.0], [76, 1.0], [77, 1.0], [78, 1.0], [79, 1.0], [80, 1.0], [81, 1.0], [82, 1.0], [83, 1.0], [84, 1.0], [85, 1.0], [86, 1.0], [87, 1.0], [88, 1.0], [89, 1.0], [90, 0.99684], [91, 1.0], [92, 1.0], [93, 1.0], [94, 1.0], [95, 1.0], [96, 1.0], [97, 1.0], [98, 1.0], [99, 1.0], [100, 1.0]], "lr": [[1, 0.001], [2, 0.00098], [3, 0.00095], [4, 0.00093], [5, 0.00091], [6, 0.00089], [7, 0.00087], [8, 0.00085], [9, 0.00083], [10, 0.00081], [11, 0.00079], [12, 0.00078], [13, 0.00076], [14, 0.00074], [15, 0.00072], [16, 0.00071], [17, 0.00069], [18, 0.00068], [19, 0.00066], [20, 0.00065], [21, 0.00063], [22, 0.00062], [23, 0.0006], [24, 0.00059], [25, 0.00058], [26, 0.00056], [27, 0.00055], [28, 0.00054], [29, 0.00052], [30, 0.00051], [31, 0.0005], [32, 0.00049], [33, 0.00048], [34, 0.00047], [35, 0.00046], [36, 0.00045], [37, 0.00044], [38, 0.00043], [39, 0.00042], [40, 0.00041], [41, 0.0004], [42, 0.00039], [43, 0.00038], [44, 0.00037], [45, 0.00036], [46, 0.00035], [47, 0.00035], [48, 0.00034], [49, 0.00033], [50, 0.00032], [51, 0.00032], [52, 0.00031], [53, 0.0003], [54, 0.0003], [55, 0.00029], [56, 0.00028], [57, 0.00028], [58, 0.00027], [59, 0.00026], [60, 0.00026], [61, 0.00025], [62, 0.00025], [63, 0.00024], [64, 0.00023], [65, 0.00023], [66, 0.00022], [67, 0.00022], [68, 0.00021], [69, 0.00021], [70, 0.0002], [71, 0.0002], [72, 0.00019], [73, 0.00019], [74, 0.00019], [75, 0.00018], [76, 0.00018], [77, 0.00017], [78, 0.00017], [79, 0.00017], [80, 0.00016], [81, 0.00016], [82, 0.00015], [83, 0.00015], [84, 0.00015], [85, 0.00014], [86, 0.00014], [87, 0.00014], [88, 0.00013], [89, 0.00013], [90, 0.00013], [91, 0.00013], [92, 0.00012], [93, 0.00012], [94, 0.00012], [95, 0.00011], [96, 0.00011], [97, 0.00011], [98, 0.00011], [99, 0.0001], [100, 0.0001]], "val_loss": [[10, 0.03126], [20, 0.023], [30, 0.01841], [40, 0.01772], [50, 0.01666], [60, 0.01605], [70, 0.01471], [80, 0.01546], [90, 0.01398], [100, 0.01496]], "val_acc": [[10, 1.0], [20, 1.0], [30, 1.0], [40, 1.0], [50, 1.0], [60, 1.0], [70, 1.0], [80, 1.0], [90, 1.0], [100, 1.0]], "mean": 123.5, "std": 58.395, "label_type": "classification", "data_type": "image", "labels": ["斑马线", "手扶电梯"], "best_eval": {"epoch": 99, "val_acc": 1.0, "val_info": [{"name": "bb4269fa170940b2b3038c40956e0782.jpg", "nickname": "382.jpg", "pred": 0, "gt": 0, "ok": true}, {"name": "30baf6b6825c4500b58984ea56a81fe6.jpg", "nickname": "54.jpg", "pred": 1, "gt": 1, "ok": true}, {"name": "a477be8083cf4fd99119d2b421af77a1.jpg", "nickname": "339.jpg", "pred": 1, "gt": 1, "ok": true}, {"name": "528021aa67684faab71a7fe3ad05cc73.jpg", "nickname": "45.jpg", "pred": 0, "gt": 0, "ok": true}, {"name": "750a8ca3533b4f97839310e2c5ad72e8.jpg", "nickname": "75.jpg", "pred": 1, "gt": 1, "ok": true}, {"name": "eeff2a12ca024fc78feb8db8f647f89e.jpg", "nickname": "395.jpg", "pred": 0, "gt": 0, "ok": true}]}}